[{"model": "contenttypes.contenttype", "pk": 1, "fields": {"app_label": "admin", "model": "logentry"}}, {"model": "contenttypes.contenttype", "pk": 2, "fields": {"app_label": "auth", "model": "permission"}}, {"model": "contenttypes.contenttype", "pk": 3, "fields": {"app_label": "auth", "model": "group"}}, {"model": "contenttypes.contenttype", "pk": 4, "fields": {"app_label": "contenttypes", "model": "contenttype"}}, {"model": "contenttypes.contenttype", "pk": 5, "fields": {"app_label": "sessions", "model": "session"}}, {"model": "contenttypes.contenttype", "pk": 6, "fields": {"app_label": "authtoken", "model": "token"}}, {"model": "contenttypes.contenttype", "pk": 7, "fields": {"app_label": "authtoken", "model": "tokenproxy"}}, {"model": "contenttypes.contenttype", "pk": 8, "fields": {"app_label": "users", "model": "myuser"}}, {"model": "contenttypes.contenttype", "pk": 9, "fields": {"app_label": "token_blacklist", "model": "blacklistedtoken"}}, {"model": "contenttypes.contenttype", "pk": 10, "fields": {"app_label": "token_blacklist", "model": "outstandingtoken"}}, {"model": "contenttypes.contenttype", "pk": 11, "fields": {"app_label": "api", "model": "querythread"}}, {"model": "contenttypes.contenttype", "pk": 12, "fields": {"app_label": "api", "model": "message"}}, {"model": "sessions.session", "pk": "h16bj51oz79tixonfvugrq9fd42bsvi2", "fields": {"session_data": ".eJxVjDkOwjAUBe_iGlmy43ihpOcM1t-CA8iW4qRC3B0ipYD2zcx7qQzbWvLWZckzq7My6vS7IdBD6g74DvXWNLW6LjPqXdEH7fraWJ6Xw_07KNDLt3bsI4-AHH0ATCA8iXNIA8E0Wh8R2YUoYIZkvA9oTbBkSdC6EAiTen8AFH04yQ:1lXk8X:3gGxbjYv2jXXCn8j5R5AAy9TQTP2UmybfEy9imK0nr4", "expire_date": "2021-05-01T12:33:21.269Z"}}, {"model": "sessions.session", "pk": "vgropd8hhrorvfvrvi5wyfg9svns2gf6", "fields": {"session_data": ".eJxVjDkOwjAUBe_iGlmy43ihpOcM1t-CA8iW4qRC3B0ipYD2zcx7qQzbWvLWZckzq7My6vS7IdBD6g74DvXWNLW6LjPqXdEH7fraWJ6Xw_07KNDLt3bsI4-AHH0ATCA8iXNIA8E0Wh8R2YUoYIZkvA9oTbBkSdC6EAiTen8AFH04yQ:1lXkQL:qBlZKkFCOymh5T1GW14qUpWcEBfuJdLbzKfznb3P6eU", "expire_date": "2021-05-01T12:51:45.764Z"}}, {"model": "token_blacklist.blacklistedtoken", "pk": 1, "fields": {"token": 2, "blacklisted_at": "2021-04-17T13:07:04.986Z"}}, {"model": "token_blacklist.blacklistedtoken", "pk": 2, "fields": {"token": 4, "blacklisted_at": "2021-04-17T13:55:32.732Z"}}, {"model": "token_blacklist.blacklistedtoken", "pk": 3, "fields": {"token": 7, "blacklisted_at": "2021-04-17T15:50:29.409Z"}}, {"model": "token_blacklist.blacklistedtoken", "pk": 4, "fields": {"token": 8, "blacklisted_at": "2021-04-17T15:50:50.713Z"}}, {"model": "token_blacklist.blacklistedtoken", "pk": 5, "fields": {"token": 10, "blacklisted_at": "2021-04-17T15:52:25.729Z"}}, {"model": "token_blacklist.blacklistedtoken", "pk": 6, "fields": {"token": 11, "blacklisted_at": "2021-04-17T15:52:26.879Z"}}, {"model": "token_blacklist.blacklistedtoken", "pk": 7, "fields": {"token": 12, "blacklisted_at": "2021-04-17T15:52:27.030Z"}}, {"model": "token_blacklist.blacklistedtoken", "pk": 8, "fields": {"token": 13, "blacklisted_at": "2021-04-17T15:52:27.176Z"}}, {"model": "token_blacklist.blacklistedtoken", "pk": 9, "fields": {"token": 14, "blacklisted_at": "2021-04-17T15:52:27.330Z"}}, {"model": "token_blacklist.blacklistedtoken", "pk": 10, "fields": {"token": 15, "blacklisted_at": "2021-04-17T15:53:04.437Z"}}, {"model": "auth.permission", "pk": 1, "fields": {"name": "Can add log entry", "content_type": 1, "codename": "add_logentry"}}, {"model": "auth.permission", "pk": 2, "fields": {"name": "Can change log entry", "content_type": 1, "codename": "change_logentry"}}, {"model": "auth.permission", "pk": 3, "fields": {"name": "Can delete log entry", "content_type": 1, "codename": "delete_logentry"}}, {"model": "auth.permission", "pk": 4, "fields": {"name": "Can view log entry", "content_type": 1, "codename": "view_logentry"}}, {"model": "auth.permission", "pk": 5, "fields": {"name": "Can add permission", "content_type": 2, "codename": "add_permission"}}, {"model": "auth.permission", "pk": 6, "fields": {"name": "Can change permission", "content_type": 2, "codename": "change_permission"}}, {"model": "auth.permission", "pk": 7, "fields": {"name": "Can delete permission", "content_type": 2, "codename": "delete_permission"}}, {"model": "auth.permission", "pk": 8, "fields": {"name": "Can view permission", "content_type": 2, "codename": "view_permission"}}, {"model": "auth.permission", "pk": 9, "fields": {"name": "Can add group", "content_type": 3, "codename": "add_group"}}, {"model": "auth.permission", "pk": 10, "fields": {"name": "Can change group", "content_type": 3, "codename": "change_group"}}, {"model": "auth.permission", "pk": 11, "fields": {"name": "Can delete group", "content_type": 3, "codename": "delete_group"}}, {"model": "auth.permission", "pk": 12, "fields": {"name": "Can view group", "content_type": 3, "codename": "view_group"}}, {"model": "auth.permission", "pk": 13, "fields": {"name": "Can add content type", "content_type": 4, "codename": "add_contenttype"}}, {"model": "auth.permission", "pk": 14, "fields": {"name": "Can change content type", "content_type": 4, "codename": "change_contenttype"}}, {"model": "auth.permission", "pk": 15, "fields": {"name": "Can delete content type", "content_type": 4, "codename": "delete_contenttype"}}, {"model": "auth.permission", "pk": 16, "fields": {"name": "Can view content type", "content_type": 4, "codename": "view_contenttype"}}, {"model": "auth.permission", "pk": 17, "fields": {"name": "Can add session", "content_type": 5, "codename": "add_session"}}, {"model": "auth.permission", "pk": 18, "fields": {"name": "Can change session", "content_type": 5, "codename": "change_session"}}, {"model": "auth.permission", "pk": 19, "fields": {"name": "Can delete session", "content_type": 5, "codename": "delete_session"}}, {"model": "auth.permission", "pk": 20, "fields": {"name": "Can view session", "content_type": 5, "codename": "view_session"}}, {"model": "auth.permission", "pk": 21, "fields": {"name": "Can add Token", "content_type": 6, "codename": "add_token"}}, {"model": "auth.permission", "pk": 22, "fields": {"name": "Can change Token", "content_type": 6, "codename": "change_token"}}, {"model": "auth.permission", "pk": 23, "fields": {"name": "Can delete Token", "content_type": 6, "codename": "delete_token"}}, {"model": "auth.permission", "pk": 24, "fields": {"name": "Can view Token", "content_type": 6, "codename": "view_token"}}, {"model": "auth.permission", "pk": 25, "fields": {"name": "Can add token", "content_type": 7, "codename": "add_tokenproxy"}}, {"model": "auth.permission", "pk": 26, "fields": {"name": "Can change token", "content_type": 7, "codename": "change_tokenproxy"}}, {"model": "auth.permission", "pk": 27, "fields": {"name": "Can delete token", "content_type": 7, "codename": "delete_tokenproxy"}}, {"model": "auth.permission", "pk": 28, "fields": {"name": "Can view token", "content_type": 7, "codename": "view_tokenproxy"}}, {"model": "auth.permission", "pk": 29, "fields": {"name": "Can add my user", "content_type": 8, "codename": "add_myuser"}}, {"model": "auth.permission", "pk": 30, "fields": {"name": "Can change my user", "content_type": 8, "codename": "change_myuser"}}, {"model": "auth.permission", "pk": 31, "fields": {"name": "Can delete my user", "content_type": 8, "codename": "delete_myuser"}}, {"model": "auth.permission", "pk": 32, "fields": {"name": "Can view my user", "content_type": 8, "codename": "view_myuser"}}, {"model": "auth.permission", "pk": 33, "fields": {"name": "Can add blacklisted token", "content_type": 9, "codename": "add_blacklistedtoken"}}, {"model": "auth.permission", "pk": 34, "fields": {"name": "Can change blacklisted token", "content_type": 9, "codename": "change_blacklistedtoken"}}, {"model": "auth.permission", "pk": 35, "fields": {"name": "Can delete blacklisted token", "content_type": 9, "codename": "delete_blacklistedtoken"}}, {"model": "auth.permission", "pk": 36, "fields": {"name": "Can view blacklisted token", "content_type": 9, "codename": "view_blacklistedtoken"}}, {"model": "auth.permission", "pk": 37, "fields": {"name": "Can add outstanding token", "content_type": 10, "codename": "add_outstandingtoken"}}, {"model": "auth.permission", "pk": 38, "fields": {"name": "Can change outstanding token", "content_type": 10, "codename": "change_outstandingtoken"}}, {"model": "auth.permission", "pk": 39, "fields": {"name": "Can delete outstanding token", "content_type": 10, "codename": "delete_outstandingtoken"}}, {"model": "auth.permission", "pk": 40, "fields": {"name": "Can view outstanding token", "content_type": 10, "codename": "view_outstandingtoken"}}, {"model": "auth.permission", "pk": 41, "fields": {"name": "Can add query thread", "content_type": 11, "codename": "add_querythread"}}, {"model": "auth.permission", "pk": 42, "fields": {"name": "Can change query thread", "content_type": 11, "codename": "change_querythread"}}, {"model": "auth.permission", "pk": 43, "fields": {"name": "Can delete query thread", "content_type": 11, "codename": "delete_querythread"}}, {"model": "auth.permission", "pk": 44, "fields": {"name": "Can view query thread", "content_type": 11, "codename": "view_querythread"}}, {"model": "auth.permission", "pk": 45, "fields": {"name": "Can add message", "content_type": 12, "codename": "add_message"}}, {"model": "auth.permission", "pk": 46, "fields": {"name": "Can change message", "content_type": 12, "codename": "change_message"}}, {"model": "auth.permission", "pk": 47, "fields": {"name": "Can delete message", "content_type": 12, "codename": "delete_message"}}, {"model": "auth.permission", "pk": 48, "fields": {"name": "Can view message", "content_type": 12, "codename": "view_message"}}, {"model": "auth.group", "pk": 1, "fields": {"name": "test", "permissions": []}}, {"model": "auth.group", "pk": 2, "fields": {"name": "python", "permissions": []}}, {"model": "auth.group", "pk": 3, "fields": {"name": "django", "permissions": []}}, {"model": "users.myuser", "pk": 1, "fields": {"password": "pbkdf2_sha256$260000$sWcWMcZ11kdMOIicGJb3SV$InksQRGxExFgaADjf3QDYu5dyWUJgaAvICabUUaxLlQ=", "last_login": "2021-04-17T12:51:45Z", "is_superuser": true, "email": "test@test.com", "user_name": "test", "first_name": "test", "start_date": "2021-04-17T12:32:20Z", "about": "", "is_staff": true, "is_active": true, "online": false, "groups": [1, 2, 3], "user_permissions": []}}, {"model": "users.myuser", "pk": 2, "fields": {"password": "pbkdf2_sha256$260000$t6ivplWt71LineVb2SgAGr$Z5teUY27WqeiKUqFmnw8olr+aDF74dFKe5m3Btxs8dE=", "last_login": null, "is_superuser": false, "email": "darshmamtora2122@gmail.com", "user_name": "darsh", "first_name": "", "start_date": "2021-04-17T12:50:40Z", "about": "", "is_staff": false, "is_active": true, "online": false, "groups": [], "user_permissions": []}}, {"model": "token_blacklist.outstandingtoken", "pk": 1, "fields": {"user": 1, "jti": "51b285b874664db99d3a5a9b8eb70050", "token": "eyJ0eXAiOiJKV1QiLCJhbGciOiJIUzI1NiJ9.eyJ0b2tlbl90eXBlIjoicmVmcmVzaCIsImV4cCI6MTYxODc1MTE5NywianRpIjoiNTFiMjg1Yjg3NDY2NGRiOTlkM2E1YTliOGViNzAwNTAiLCJ1c2VyX2lkIjoxfQ.L9vlax713rhm8_1_Kvr-Bko8nWJraVZEBLP-9fn-53I", "created_at": "2021-04-17T13:06:37.475Z", "expires_at": "2021-04-18T13:06:37Z"}}, {"model": "token_blacklist.outstandingtoken", "pk": 2, "fields": {"user": 1, "jti": "93377057f8e541adb8fa4bc2947ee474", "token": "eyJ0eXAiOiJKV1QiLCJhbGciOiJIUzI1NiJ9.eyJ0b2tlbl90eXBlIjoicmVmcmVzaCIsImV4cCI6MTYxODc1MTIxOCwianRpIjoiOTMzNzcwNTdmOGU1NDFhZGI4ZmE0YmMyOTQ3ZWU0NzQiLCJ1c2VyX2lkIjoxfQ.qRhjDPb1b5f6piiM_dsyhy8PDEoe_82BFrHUDr7DOQk", "created_at": "2021-04-17T13:06:58.081Z", "expires_at": "2021-04-18T13:06:58Z"}}, {"model": "token_blacklist.outstandingtoken", "pk": 3, "fields": {"user": 2, "jti": "3bf88a40abc649be92cb1cda96444c82", "token": "eyJ0eXAiOiJKV1QiLCJhbGciOiJIUzI1NiJ9.eyJ0b2tlbl90eXBlIjoicmVmcmVzaCIsImV4cCI6MTYxODc1MTI5NCwianRpIjoiM2JmODhhNDBhYmM2NDliZTkyY2IxY2RhOTY0NDRjODIiLCJ1c2VyX2lkIjoyfQ.4zp95dH-3T8rjK2M0-iyUlN7MJQ67yNvfPcaTiHHl68", "created_at": "2021-04-17T13:08:14.145Z", "expires_at": "2021-04-18T13:08:14Z"}}, {"model": "token_blacklist.outstandingtoken", "pk": 4, "fields": {"user": 1, "jti": "e59709ac286b43558fa4669d705fec24", "token": "eyJ0eXAiOiJKV1QiLCJhbGciOiJIUzI1NiJ9.eyJ0b2tlbl90eXBlIjoicmVmcmVzaCIsImV4cCI6MTYxODc1NDAzMSwianRpIjoiZTU5NzA5YWMyODZiNDM1NThmYTQ2NjlkNzA1ZmVjMjQiLCJ1c2VyX2lkIjoxfQ.lEL1YaHJ8NLlag7RGF_LwxwN5OBmaZpRxt-lYDNxPj4", "created_at": "2021-04-17T13:53:51.041Z", "expires_at": "2021-04-18T13:53:51Z"}}, {"model": "token_blacklist.outstandingtoken", "pk": 5, "fields": {"user": 2, "jti": "55b26f7b51d04e9c94dabae0aa34bd88", "token": "eyJ0eXAiOiJKV1QiLCJhbGciOiJIUzI1NiJ9.eyJ0b2tlbl90eXBlIjoicmVmcmVzaCIsImV4cCI6MTYxODc1NDEzOSwianRpIjoiNTViMjZmN2I1MWQwNGU5Yzk0ZGFiYWUwYWEzNGJkODgiLCJ1c2VyX2lkIjoyfQ.jfLRzSJ3ZwczngL5dtZ6pdPDumRihRCEooGHTLP8n_A", "created_at": "2021-04-17T13:55:39.712Z", "expires_at": "2021-04-18T13:55:39Z"}}, {"model": "token_blacklist.outstandingtoken", "pk": 6, "fields": {"user": 2, "jti": "ce42297307b6414baed73cc1efd59751", "token": "eyJ0eXAiOiJKV1QiLCJhbGciOiJIUzI1NiJ9.eyJ0b2tlbl90eXBlIjoicmVmcmVzaCIsImV4cCI6MTYxODc1NzI4MSwianRpIjoiY2U0MjI5NzMwN2I2NDE0YmFlZDczY2MxZWZkNTk3NTEiLCJ1c2VyX2lkIjoyfQ.YyJS-bfWBGztOV6YGSnRKMXTqp3nu_Al5nnp9SNE-Ic", "created_at": "2021-04-17T14:48:01.089Z", "expires_at": "2021-04-18T14:48:01Z"}}, {"model": "token_blacklist.outstandingtoken", "pk": 7, "fields": {"user": 1, "jti": "39cc3db74fa641de867189be1e7edfd0", "token": "eyJ0eXAiOiJKV1QiLCJhbGciOiJIUzI1NiJ9.eyJ0b2tlbl90eXBlIjoicmVmcmVzaCIsImV4cCI6MTYxODc2MDk2NiwianRpIjoiMzljYzNkYjc0ZmE2NDFkZTg2NzE4OWJlMWU3ZWRmZDAiLCJ1c2VyX2lkIjoxfQ.GWohIeADylfInikXzEulYYnWK_YoqWaCrpSWqfSrT6A", "created_at": "2021-04-17T15:49:26.491Z", "expires_at": "2021-04-18T15:49:26Z"}}, {"model": "token_blacklist.outstandingtoken", "pk": 8, "fields": {"user": 1, "jti": "a42f10495b914254ae1c23ae69417408", "token": "eyJ0eXAiOiJKV1QiLCJhbGciOiJIUzI1NiJ9.eyJ0b2tlbl90eXBlIjoicmVmcmVzaCIsImV4cCI6MTYxODc2MTA0NCwianRpIjoiYTQyZjEwNDk1YjkxNDI1NGFlMWMyM2FlNjk0MTc0MDgiLCJ1c2VyX2lkIjoxfQ.B-jKeHNl3kBYNHHqyjVp59jfkP8viKbqe-7mZFWdZ8c", "created_at": "2021-04-17T15:50:44.371Z", "expires_at": "2021-04-18T15:50:44Z"}}, {"model": "token_blacklist.outstandingtoken", "pk": 9, "fields": {"user": 2, "jti": "023263fd0d9b4a3daf080b6c04aa7c82", "token": "eyJ0eXAiOiJKV1QiLCJhbGciOiJIUzI1NiJ9.eyJ0b2tlbl90eXBlIjoicmVmcmVzaCIsImV4cCI6MTYxODc2MTA4OCwianRpIjoiMDIzMjYzZmQwZDliNGEzZGFmMDgwYjZjMDRhYTdjODIiLCJ1c2VyX2lkIjoyfQ.Av2s1_9udIe2-BdajLTO-5OqF7L5zAZLbt1Md9BVhY4", "created_at": "2021-04-17T15:51:28.554Z", "expires_at": "2021-04-18T15:51:28Z"}}, {"model": "token_blacklist.outstandingtoken", "pk": 10, "fields": {"user": 1, "jti": "8027c0c0b1f64c6a89ed4b30db06f6fc", "token": "eyJ0eXAiOiJKV1QiLCJhbGciOiJIUzI1NiJ9.eyJ0b2tlbl90eXBlIjoicmVmcmVzaCIsImV4cCI6MTYxODc2MTExOSwianRpIjoiODAyN2MwYzBiMWY2NGM2YTg5ZWQ0YjMwZGIwNmY2ZmMiLCJ1c2VyX2lkIjoxfQ.yUtQu1hf9P5yrU5TugSZJh9VQ92WzfjPz9EfeFtd2XA", "created_at": "2021-04-17T15:51:59.815Z", "expires_at": "2021-04-18T15:51:59Z"}}, {"model": "token_blacklist.outstandingtoken", "pk": 11, "fields": {"user": null, "jti": "27c83195ae9147d0ac6c14d3555559f4", "token": "eyJ0eXAiOiJKV1QiLCJhbGciOiJIUzI1NiJ9.eyJ0b2tlbl90eXBlIjoicmVmcmVzaCIsImV4cCI6MTYxODc2MTE0NiwianRpIjoiMjdjODMxOTVhZTkxNDdkMGFjNmMxNGQzNTU1NTU5ZjQifQ.xYU2z1oYYm4N9Wq6nt0FCKcHW2LZPn0mqqmQj2OCU74", "created_at": null, "expires_at": "2021-04-18T15:52:26Z"}}, {"model": "token_blacklist.outstandingtoken", "pk": 12, "fields": {"user": null, "jti": "883a62a1ab084326bc3ed5a3121e4876", "token": "eyJ0eXAiOiJKV1QiLCJhbGciOiJIUzI1NiJ9.eyJ0b2tlbl90eXBlIjoicmVmcmVzaCIsImV4cCI6MTYxODc2MTE0NiwianRpIjoiODgzYTYyYTFhYjA4NDMyNmJjM2VkNWEzMTIxZTQ4NzYifQ.cw7krJxFKq-Eq-TSMqzXOTuQ4v05ml6mPpjUFFKUs18", "created_at": null, "expires_at": "2021-04-18T15:52:26Z"}}, {"model": "token_blacklist.outstandingtoken", "pk": 13, "fields": {"user": null, "jti": "91579ea3a5fd40a7b3daa34ae939fc39", "token": "eyJ0eXAiOiJKV1QiLCJhbGciOiJIUzI1NiJ9.eyJ0b2tlbl90eXBlIjoicmVmcmVzaCIsImV4cCI6MTYxODc2MTE0NywianRpIjoiOTE1NzllYTNhNWZkNDBhN2IzZGFhMzRhZTkzOWZjMzkifQ.KfUurSJCR4eC9k_wQgpp7FOoCSp-scorTmpNklU3pXY", "created_at": null, "expires_at": "2021-04-18T15:52:27Z"}}, {"model": "token_blacklist.outstandingtoken", "pk": 14, "fields": {"user": null, "jti": "d214fd49dd054098acf5570ad71aba74", "token": "eyJ0eXAiOiJKV1QiLCJhbGciOiJIUzI1NiJ9.eyJ0b2tlbl90eXBlIjoicmVmcmVzaCIsImV4cCI6MTYxODc2MTE0NywianRpIjoiZDIxNGZkNDlkZDA1NDA5OGFjZjU1NzBhZDcxYWJhNzQifQ.TIS7W08_4R3_AEvGpfPD3qfadbWWL0v3BMel11OXn3w", "created_at": null, "expires_at": "2021-04-18T15:52:27Z"}}, {"model": "token_blacklist.outstandingtoken", "pk": 15, "fields": {"user": 2, "jti": "b36cb53464c349a2a796f09fe59ae28b", "token": "eyJ0eXAiOiJKV1QiLCJhbGciOiJIUzI1NiJ9.eyJ0b2tlbl90eXBlIjoicmVmcmVzaCIsImV4cCI6MTYxODc2MTE2OCwianRpIjoiYjM2Y2I1MzQ2NGMzNDlhMmE3OTZmMDlmZTU5YWUyOGIiLCJ1c2VyX2lkIjoyfQ._NyJalUmoYRHwYCoE568CFgDaEuXhbPnREJplYtIqOk", "created_at": "2021-04-17T15:52:48.080Z", "expires_at": "2021-04-18T15:52:48Z"}}, {"model": "token_blacklist.outstandingtoken", "pk": 16, "fields": {"user": 1, "jti": "aaf763bc5db444e19703e8101bb4b433", "token": "eyJ0eXAiOiJKV1QiLCJhbGciOiJIUzI1NiJ9.eyJ0b2tlbl90eXBlIjoicmVmcmVzaCIsImV4cCI6MTYxODc2MTYxOSwianRpIjoiYWFmNzYzYmM1ZGI0NDRlMTk3MDNlODEwMWJiNGI0MzMiLCJ1c2VyX2lkIjoxfQ.l7f2e4QumxFdbi3rF_VfSvMnaUhNrGcKhJWdoOqepiw", "created_at": "2021-04-17T16:00:19.635Z", "expires_at": "2021-04-18T16:00:19Z"}}, {"model": "token_blacklist.outstandingtoken", "pk": 17, "fields": {"user": 1, "jti": "b609fb94ac6346479ab7e5573b8e2972", "token": "eyJ0eXAiOiJKV1QiLCJhbGciOiJIUzI1NiJ9.eyJ0b2tlbl90eXBlIjoicmVmcmVzaCIsImV4cCI6MTYxODc2NDI2MiwianRpIjoiYjYwOWZiOTRhYzYzNDY0NzlhYjdlNTU3M2I4ZTI5NzIiLCJ1c2VyX2lkIjoxfQ.HTIvYjpbGHCKzKfO14geByTFmtFquEOFltsVbGNzx6E", "created_at": "2021-04-17T16:44:22.666Z", "expires_at": "2021-04-18T16:44:22Z"}}, {"model": "token_blacklist.outstandingtoken", "pk": 18, "fields": {"user": 2, "jti": "09657fec137d443db2cca6322991e50c", "token": "eyJ0eXAiOiJKV1QiLCJhbGciOiJIUzI1NiJ9.eyJ0b2tlbl90eXBlIjoicmVmcmVzaCIsImV4cCI6MTYxODc2NDc5OCwianRpIjoiMDk2NTdmZWMxMzdkNDQzZGIyY2NhNjMyMjk5MWU1MGMiLCJ1c2VyX2lkIjoyfQ.C_RuIuXi5VO8Pa4DYLWjVK9CIMwZEbgzwW6elyY65uU", "created_at": "2021-04-17T16:53:18.612Z", "expires_at": "2021-04-18T16:53:18Z"}}, {"model": "token_blacklist.outstandingtoken", "pk": 19, "fields": {"user": 1, "jti": "daa1570467e74072863eeb2bc86c3973", "token": "eyJ0eXAiOiJKV1QiLCJhbGciOiJIUzI1NiJ9.eyJ0b2tlbl90eXBlIjoicmVmcmVzaCIsImV4cCI6MTYxODkyOTgyMSwianRpIjoiZGFhMTU3MDQ2N2U3NDA3Mjg2M2VlYjJiYzg2YzM5NzMiLCJ1c2VyX2lkIjoxfQ.6q9NwMFETbR-1Wu2PaautSvh1EGoeq6iT2faGt-Iys0", "created_at": "2021-04-19T14:43:41.012Z", "expires_at": "2021-04-20T14:43:41Z"}}, {"model": "token_blacklist.outstandingtoken", "pk": 20, "fields": {"user": 1, "jti": "a37556dec69b407a81df842f93cf966c", "token": "eyJ0eXAiOiJKV1QiLCJhbGciOiJIUzI1NiJ9.eyJ0b2tlbl90eXBlIjoicmVmcmVzaCIsImV4cCI6MTYxODkzMDU2OCwianRpIjoiYTM3NTU2ZGVjNjliNDA3YTgxZGY4NDJmOTNjZjk2NmMiLCJ1c2VyX2lkIjoxfQ.fmRv8S-4_84AeXCpMpJC98YuVvBJcOSSZmQSzXJxqaY", "created_at": "2021-04-19T14:56:08.395Z", "expires_at": "2021-04-20T14:56:08Z"}}, {"model": "token_blacklist.outstandingtoken", "pk": 21, "fields": {"user": 1, "jti": "61e49fdf54834d48a1514cadd8673c69", "token": "eyJ0eXAiOiJKV1QiLCJhbGciOiJIUzI1NiJ9.eyJ0b2tlbl90eXBlIjoicmVmcmVzaCIsImV4cCI6MTYxOTAxNDI1OCwianRpIjoiNjFlNDlmZGY1NDgzNGQ0OGExNTE0Y2FkZDg2NzNjNjkiLCJ1c2VyX2lkIjoxfQ.a118tDBcDHD1r8KjvQmVIjr4UmL2X0xu2yvqYcS_fQ8", "created_at": "2021-04-20T14:10:58.391Z", "expires_at": "2021-04-21T14:10:58Z"}}, {"model": "token_blacklist.outstandingtoken", "pk": 22, "fields": {"user": 1, "jti": "00af189328b84268a444e096fa4d9c5e", "token": "eyJ0eXAiOiJKV1QiLCJhbGciOiJIUzI1NiJ9.eyJ0b2tlbl90eXBlIjoicmVmcmVzaCIsImV4cCI6MTYxOTAyMjM2NCwianRpIjoiMDBhZjE4OTMyOGI4NDI2OGE0NDRlMDk2ZmE0ZDljNWUiLCJ1c2VyX2lkIjoxfQ.J177WcnmNKIv1R-yjDTjih35oEZoaMxFazfaz3yqjnw", "created_at": "2021-04-20T16:26:04.865Z", "expires_at": "2021-04-21T16:26:04Z"}}, {"model": "token_blacklist.outstandingtoken", "pk": 23, "fields": {"user": 1, "jti": "23038c084c26415ab6cb37a174b2cd71", "token": "eyJ0eXAiOiJKV1QiLCJhbGciOiJIUzI1NiJ9.eyJ0b2tlbl90eXBlIjoicmVmcmVzaCIsImV4cCI6MTYxOTAyMzAyMSwianRpIjoiMjMwMzhjMDg0YzI2NDE1YWI2Y2IzN2ExNzRiMmNkNzEiLCJ1c2VyX2lkIjoxfQ.DLqwj2ikd3uN_iq5jQgJBegU_l8FQCGekWt-JM4Xp9Q", "created_at": "2021-04-20T16:37:01.801Z", "expires_at": "2021-04-21T16:37:01Z"}}, {"model": "token_blacklist.outstandingtoken", "pk": 24, "fields": {"user": 1, "jti": "851d56214ad549d696b9ef4a8cdcd467", "token": "eyJ0eXAiOiJKV1QiLCJhbGciOiJIUzI1NiJ9.eyJ0b2tlbl90eXBlIjoicmVmcmVzaCIsImV4cCI6MTYxOTAyNjQyMiwianRpIjoiODUxZDU2MjE0YWQ1NDlkNjk2YjllZjRhOGNkY2Q0NjciLCJ1c2VyX2lkIjoxfQ.WcW2YXYSljkmjtHvh7SrCuZ_UX-ihWEAS7AdAfuMaWc", "created_at": "2021-04-20T17:33:42.358Z", "expires_at": "2021-04-21T17:33:42Z"}}, {"model": "token_blacklist.outstandingtoken", "pk": 25, "fields": {"user": 1, "jti": "3a3b900ea1b74756b48c2d7ddc8e0f4d", "token": "eyJ0eXAiOiJKV1QiLCJhbGciOiJIUzI1NiJ9.eyJ0b2tlbl90eXBlIjoicmVmcmVzaCIsImV4cCI6MTYxOTAyNzQ1MiwianRpIjoiM2EzYjkwMGVhMWI3NDc1NmI0OGMyZDdkZGM4ZTBmNGQiLCJ1c2VyX2lkIjoxfQ.bo0M4-er8NzMQkJiiIfXpqlYxKEB5VK1cOkUX8LSv4U", "created_at": "2021-04-20T17:50:52.642Z", "expires_at": "2021-04-21T17:50:52Z"}}, {"model": "token_blacklist.outstandingtoken", "pk": 26, "fields": {"user": 1, "jti": "2976bd0c46ed45598c1f441c48778c95", "token": "eyJ0eXAiOiJKV1QiLCJhbGciOiJIUzI1NiJ9.eyJ0b2tlbl90eXBlIjoicmVmcmVzaCIsImV4cCI6MTYxOTAyODE2OCwianRpIjoiMjk3NmJkMGM0NmVkNDU1OThjMWY0NDFjNDg3NzhjOTUiLCJ1c2VyX2lkIjoxfQ.PcwBXJXhDGWtRVSML_20RN5FyyUUCq6MyjmERh9VsRY", "created_at": "2021-04-20T18:02:48.038Z", "expires_at": "2021-04-21T18:02:48Z"}}, {"model": "token_blacklist.outstandingtoken", "pk": 27, "fields": {"user": 1, "jti": "1060f93d46ed4b53b608d2130faf4399", "token": "eyJ0eXAiOiJKV1QiLCJhbGciOiJIUzI1NiJ9.eyJ0b2tlbl90eXBlIjoicmVmcmVzaCIsImV4cCI6MTYxOTAyODgzOCwianRpIjoiMTA2MGY5M2Q0NmVkNGI1M2I2MDhkMjEzMGZhZjQzOTkiLCJ1c2VyX2lkIjoxfQ.nk3SIUJu0MOxiOWq2TLthJKca_WzglF07rdIaHaI0FQ", "created_at": "2021-04-20T18:13:58.925Z", "expires_at": "2021-04-21T18:13:58Z"}}, {"model": "token_blacklist.outstandingtoken", "pk": 28, "fields": {"user": 1, "jti": "7dc75ae677694aee9d27ef825f9dbc64", "token": "eyJ0eXAiOiJKV1QiLCJhbGciOiJIUzI1NiJ9.eyJ0b2tlbl90eXBlIjoicmVmcmVzaCIsImV4cCI6MTYxOTAyOTQ5OSwianRpIjoiN2RjNzVhZTY3NzY5NGFlZTlkMjdlZjgyNWY5ZGJjNjQiLCJ1c2VyX2lkIjoxfQ.a9ePQpoXpp9jPszBmos-zckqGgICRlMf0jRNTfngQ30", "created_at": "2021-04-20T18:24:59.845Z", "expires_at": "2021-04-21T18:24:59Z"}}, {"model": "admin.logentry", "pk": 1, "fields": {"action_time": "2021-04-17T13:07:46.767Z", "user": 1, "content_type": 8, "object_id": "2", "object_repr": "darsh", "action_flag": 2, "change_message": "[{\"changed\": {\"fields\": [\"Is active\"]}}]"}}, {"model": "admin.logentry", "pk": 2, "fields": {"action_time": "2021-04-20T16:31:54.793Z", "user": 1, "content_type": 3, "object_id": "1", "object_repr": "test", "action_flag": 1, "change_message": "[{\"added\": {}}]"}}, {"model": "admin.logentry", "pk": 3, "fields": {"action_time": "2021-04-20T16:32:02.236Z", "user": 1, "content_type": 3, "object_id": "2", "object_repr": "python", "action_flag": 1, "change_message": "[{\"added\": {}}]"}}, {"model": "admin.logentry", "pk": 4, "fields": {"action_time": "2021-04-20T16:32:11.563Z", "user": 1, "content_type": 3, "object_id": "3", "object_repr": "django", "action_flag": 1, "change_message": "[{\"added\": {}}]"}}, {"model": "admin.logentry", "pk": 5, "fields": {"action_time": "2021-04-20T16:32:27.750Z", "user": 1, "content_type": 8, "object_id": "1", "object_repr": "test", "action_flag": 2, "change_message": "[{\"changed\": {\"fields\": [\"Groups\"]}}]"}}]